1,51,Window seat preference
2,51,Non-smoking room preference
1,52,Extra legroom request
2,52,Seating with extra space
1,53,Vegetarian meal
2,53,No spicy food preference
1,54,Front row seating
2,54,Accessible room for mobility impairment
1,55,Special assistance required
2,55,Room temperature control preference
1,56,Window seat preference
2,56,Near business center preference
1,57,Aisle seat preference
2,57,Early flight check-in preference
1,58,Pet-friendly accommodation
2,58,Free airport shuttle service
1,59,Smoking area preference
2,59,Luggage storage option
1,60,Non-smoking room preference
2,60,Booking for anniversary celebration
1,61,First class upgrade
2,61,Room with kitchen facilities
1,62,Late check-in preference
2,62,Sustainable eco-friendly room
1,63,Room with a view
2,63,Personalized room service preferences
1,64,Accessible bathroom request
2,64,Car rental service request
1,65,Halal meal
2,65,Room with adjustable lighting
1,66,Extra pillows and blankets
2,66,Complimentary bottled water request
1,67,Quiet zone seating
2,67,Accessible public transportation nearby
1,68,Pet-free room
2,68,Business room setup
1,69,High floor room
2,69,Extra towels and toiletries request
1,70,Low floor room
2,70,Elevator access preference
1,71,King-sized bed request
2,71,Room with in-room safe request
1,72,Connecting rooms for family
2,72,Private beach access request
1,73,Allergy-friendly room
2,73,Family-friendly activities request
1,74,No-smoking hotel
2,74,Express check-out preference
1,75,Close to elevator preference
2,75,Vegetarian restaurant preference
1,76,Ground-level room preference
2,76,Airport VIP lounge access
1,77,Late check-out request
2,77,Special birthday package request
1,78,Early check-in request
2,78,Personalized hotel gift request
1,79,Extended check-out
2,79,Upgrade to premium suite request
1,80,Specific hotel chain preference
2,80,No loud noises preference
1,81,Family-friendly room setup
2,81,Cultural experience request
1,82,Pet-sitting service request
2,82,Loyalty program membership
1,83,Quiet neighborhood
2,83,Special event celebration setup
1,84,Pool-side room preference
2,84,Access to conference room facilities
1,85,Gym access preference
2,85,Pet-free dining area request
1,86,Spa treatment preference
2,86,Room cleaning at specific time
1,87,Free Wi-Fi request
2,87,Discounted transportation voucher request
1,88,Breakfast included
2,88,Tennis court reservation request
1,89,Late-night food delivery option
2,89,Guided city tour request
1,90,Childcare service request
2,90,Health and wellness session request
